SYMBOL,LTP,SUPPORTS,RESISTANCES
BIOCON.NS,378.9,364.65 (-3.76%) | 350.40 (-7.52%),380.10 (+0.32%) | 399.60 (+5.46%)
TBOTEK.NS,1551.7,1450.00 (-6.55%) | 1376.00 (-11.32%),1583.35 (+2.04%) | 1677.55 (+8.11%)
IDBI.NS,104.99,102.24 (-2.62%) | 99.00 (-5.71%),106.32 (+1.27%) | 118.38 (+12.75%)
3MINDIA.NS,35495.0,34910.00 (-1.65%) | 33490.00 (-5.65%),35815.00 (+0.90%) | 37305.00 (+5.10%)
LTTS.NS,4240.0,4135.10 (-2.47%) | 3951.30 (-6.81%),4296.10 (+1.32%) | 4431.70 (+4.52%)
ELECON.NS,396.45,376.95 (-4.92%),431.00 (+8.71%) | 472.65 (+19.22%)
CCL.NS,961.0,936.80 (-2.52%) | 891.20 (-7.26%),975.60 (+1.52%) | 1074.40 (+11.80%)
ASTRAZEN.NS,8298.0,8239.55 (-0.70%) | 7726.10 (-6.89%),8759.00 (+5.56%) | 9211.00 (+11.00%)
TRIVENI.NS,340.0,338.70 (-0.38%) | 325.10 (-4.38%),357.05 (+5.01%) | 377.90 (+11.15%)
PIIND.NS,3284.8,3237.05 (-1.45%) | 3097.60 (-5.70%),3385.20 (+3.06%) | 3520.00 (+7.16%)
HOMEFIRST.NS,1083.0,1076.60 (-0.59%) | 973.75 (-10.09%),1121.70 (+3.57%) | 1210.10 (+11.74%)
MAPMYINDIA.NS,1529.0,,1540.00 (+0.72%) | 1595.00 (+4.32%)
RITES.NS,231.5,230.15 (-0.58%) | 220.05 (-4.95%),243.15 (+5.03%) | 259.49 (+12.09%)
NTPCGREEN.NS,92.01,89.30 (-2.95%) | 84.55 (-8.11%),93.66 (+1.79%) | 96.78 (+5.18%)
HEG.NS,563.55,550.90 (-2.24%) | 516.00 (-8.44%),619.00 (+9.84%) | 644.90 (+14.44%)
JSL.NS,795.0,783.90 (-1.40%) | 741.00 (-6.79%),812.80 (+2.24%) | 884.00 (+11.19%)
AUROPHARMA.NS,1180.0,1174.60 (-0.46%) | 1133.05 (-3.98%),1230.70 (+4.30%) | 1278.60 (+8.36%)
HINDUNILVR.NS,2350.0,2302.30 (-2.03%) | 2253.85 (-4.09%),2409.70 (+2.54%) | 2473.20 (+5.24%)
VIJAYA.NS,1005.0,991.05 (-1.39%) | 940.00 (-6.47%),1055.90 (+5.06%) | 1120.40 (+11.48%)
FEDERALBNK.NS,247.2,233.48 (-5.55%) | 213.44 (-13.66%),255.35 (+3.30%) | 266.30 (+7.73%)
MARICO.NS,749.0,736.90 (-1.62%) | 722.80 (-3.50%),759.00 (+1.34%) | 780.00 (+4.14%)
ADANIPORTS.NS,1429.0,1424.90 (-0.29%) | 1377.00 (-3.64%),1482.00 (+3.71%) | 1515.00 (+6.02%)
RPOWER.NS,33.2,31.27 (-5.81%),35.19 (+5.99%) | 37.62 (+13.31%)
GILLETTE.NS,8040.0,7700.05 (-4.23%) | 7411.65 (-7.82%),8151.00 (+1.38%) | 8462.00 (+5.25%)
TVSMOTOR.NS,3684.7,3680.00 (-0.13%) | 3599.90 (-2.30%),
TORNTPHARM.NS,4012.9,3882.20 (-3.26%) | 3787.90 (-5.61%),4104.80 (+2.29%)
AIAENG.NS,3965.0,3851.00 (-2.88%) | 3714.80 (-6.31%),
CENTURYPLY.NS,762.0,741.50 (-2.69%) | 703.90 (-7.62%),775.60 (+1.78%) | 802.60 (+5.33%)
EIDPARRY.NS,942.0,940.00 (-0.21%) | 877.00 (-6.90%),993.00 (+5.41%) | 1054.60 (+11.95%)
HINDCOPPER.NS,569.0,545.95 (-4.05%) | 511.30 (-10.14%),575.00 (+1.05%)
LUPIN.NS,2204.0,2135.00 (-3.13%) | 2080.10 (-5.62%),2225.00 (+0.95%)
UNOMINDA.NS,1192.4,1171.20 (-1.78%) | 1128.80 (-5.33%),1217.60 (+2.11%) | 1268.70 (+6.40%)
OIL.NS,457.4,448.25 (-2.00%) | 426.95 (-6.66%),489.90 (+7.11%)
HAPPSTMNDS.NS,427.3,,450.15 (+5.35%) | 467.55 (+9.42%)
GICRE.NS,364.5,352.50 (-3.29%),368.35 (+1.06%) | 382.95 (+5.06%)
^CNXREALTY,850.05,839.75 (-1.21%) | 806.05 (-5.18%),866.45 (+1.93%) | 888.30 (+4.50%)
ABSLAMC.NS,807.1,771.05 (-4.47%) | 739.50 (-8.38%),822.00 (+1.85%) | 849.05 (+5.20%)
RAMCOCEM.NS,1065.0,1041.90 (-2.17%) | 1013.50 (-4.84%),1080.00 (+1.41%) | 1124.00 (+5.54%)
BDL.NS,1517.4,1457.10 (-3.97%) | 1345.80 (-11.31%),1576.00 (+3.86%) | 1654.00 (+9.00%)
TATAELXSI.NS,5475.0,5360.00 (-2.10%) | 5157.70 (-5.80%),5506.50 (+0.58%) | 5742.95 (+4.89%)
ANANDRATHI.NS,3065.4,3030.00 (-1.15%) | 2905.00 (-5.23%),3137.00 (+2.34%) | 3321.40 (+8.35%)
DALBHARAT.NS,2174.9,2167.00 (-0.36%) | 2104.80 (-3.22%),2218.90 (+2.02%) | 2279.00 (+4.79%)
SHYAMMETL.NS,844.0,830.45 (-1.61%) | 794.80 (-5.83%),905.00 (+7.23%) | 950.00 (+12.56%)
USHAMART.NS,434.2,398.25 (-8.28%) | 379.05 (-12.70%),444.00 (+2.26%) | 467.00 (+7.55%)
BSE.NS,2834.0,2585.00 (-8.79%) | 2474.17 (-12.70%),2865.60 (+1.12%) | 3030.00 (+6.92%)
PETRONET.NS,286.5,278.05 (-2.95%) | 269.80 (-5.83%),288.35 (+0.65%) | 298.05 (+4.03%)
PTCIL.NS,18100.0,17890.00 (-1.16%) | 17149.00 (-5.25%),19387.00 (+7.11%)
INDIGO.NS,4738.0,4645.00 (-1.96%) | 4505.00 (-4.92%),4815.65 (+1.64%) | 4976.50 (+5.03%)
POLICYBZR.NS,1644.5,1625.00 (-1.19%) | 1547.25 (-5.91%),1713.95 (+4.22%) | 1780.20 (+8.25%)
PHOENIXLTD.NS,1866.1,1849.55 (-0.89%) | 1785.60 (-4.31%),1965.00 (+5.30%)
RVNL.NS,338.55,325.15 (-3.96%) | 310.30 (-8.34%),343.30 (+1.40%) | 365.00 (+7.81%)
PAGEIND.NS,34325.0,,35310.00 (+2.87%) | 36785.00 (+7.17%)
PFC.NS,373.0,357.25 (-4.22%) | 329.90 (-11.55%),379.65 (+1.78%) | 396.95 (+6.42%)
TECHNOE.NS,996.5,985.05 (-1.15%) | 907.00 (-8.98%),1043.60 (+4.73%) | 1096.00 (+9.98%)
^CNXPHARMA,22505.4,22494.90 (-0.05%) | 22170.85 (-1.49%),22794.20 (+1.28%) | 23162.45 (+2.92%)
APLLTD.NS,792.0,725.20 (-8.43%),795.50 (+0.44%) | 835.50 (+5.49%)
BRITANNIA.NS,5907.0,5860.00 (-0.80%) | 5622.70 (-4.81%),6031.00 (+2.10%) | 6149.00 (+4.10%)
IKS.NS,1705.0,1699.00 (-0.35%) | 1632.00 (-4.28%),1773.90 (+4.04%) | 1844.55 (+8.18%)
TATASTEEL.NS,189.35,186.94 (-1.27%) | 174.44 (-7.87%),
FINPIPE.NS,175.3,166.80 (-4.85%),179.52 (+2.41%) | 185.62 (+5.89%)
PREMIERENE.NS,726.5,709.05 (-2.40%),818.00 (+12.59%) | 927.55 (+27.67%)
CDSL.NS,1415.0,1365.00 (-3.53%) | 1294.00 (-8.55%),1421.00 (+0.42%) | 1474.05 (+4.17%)
ENRIN.NS,2367.0,,2508.80 (+5.99%) | 2966.10 (+25.31%)
DCMSHRIRAM.NS,1181.4,1150.00 (-2.66%) | 1094.20 (-7.38%),1210.95 (+2.50%) | 1263.20 (+6.92%)
MINDACORP.NS,569.0,548.00 (-3.69%) | 529.00 (-7.03%),575.60 (+1.16%) | 598.80 (+5.24%)
AADHARHFC.NS,477.55,460.90 (-3.49%) | 445.00 (-6.82%),491.30 (+2.88%) | 515.55 (+7.96%)
GMDCLTD.NS,572.9,538.00 (-6.09%) | 498.50 (-12.99%),581.00 (+1.41%) | 642.00 (+12.06%)
JKTYRE.NS,507.2,493.25 (-2.75%) | 476.00 (-6.15%),522.05 (+2.93%)
GMRAIRPORT.NS,99.53,99.26 (-0.27%) | 97.00 (-2.54%),106.90 (+7.40%) | 110.36 (+10.88%)
KPRMILL.NS,856.9,850.00 (-0.81%) | 794.25 (-7.31%),892.50 (+4.15%) | 987.00 (+15.18%)
CHAMBLFERT.NS,446.0,435.30 (-2.40%) | 410.20 (-8.03%),462.45 (+3.69%) | 483.95 (+8.51%)
NH.NS,1940.0,1871.60 (-3.53%) | 1788.30 (-7.82%),1957.00 (+0.88%) | 2045.00 (+5.41%)
ADANIENT.NS,2152.0,2096.70 (-2.57%) | 2026.55 (-5.83%),2164.80 (+0.59%) | 2291.60 (+6.49%)
NETWEB.NS,3166.2,3065.00 (-3.20%) | 2822.30 (-10.86%),3221.30 (+1.74%) | 3371.90 (+6.50%)
KAJARIACER.NS,997.3,979.00 (-1.83%) | 948.00 (-4.94%),1019.00 (+2.18%) | 1069.90 (+7.28%)
CONCOR.NS,520.8,504.00 (-3.23%) | 481.00 (-7.64%),521.76 (+0.18%) | 541.36 (+3.95%)
VGUARD.NS,302.95,300.00 (-0.97%),330.00 (+8.93%) | 344.05 (+13.57%)
GRAPHITE.NS,632.2,592.70 (-6.25%) | 567.50 (-10.23%),685.00 (+8.35%)
SOLARINDS.NS,12881.0,11646.00 (-9.59%) | 10238.70 (-20.51%),13075.00 (+1.51%) | 13631.00 (+5.82%)
ETERNAL.NS,298.8,288.40 (-3.48%) | 276.25 (-7.55%),299.55 (+0.25%) | 311.15 (+4.13%)
FIVESTAR.NS,513.1,501.00 (-2.36%),569.00 (+10.89%) | 595.00 (+15.96%)
POLYCAB.NS,7318.0,7205.00 (-1.54%) | 7022.50 (-4.04%),7384.00 (+0.90%) | 7714.00 (+5.41%)
ICICIPRULI.NS,667.0,664.95 (-0.31%) | 643.20 (-3.57%),685.75 (+2.81%)
SCHNEIDER.NS,624.0,617.90 (-0.98%) | 587.00 (-5.93%),651.25 (+4.37%) | 692.70 (+11.01%)
CHOLAFIN.NS,1692.6,1684.40 (-0.48%) | 1624.00 (-4.05%),1782.00 (+5.28%)
PVRINOX.NS,1017.0,977.05 (-3.93%) | 932.00 (-8.36%),1025.85 (+0.87%) | 1079.80 (+6.18%)
INOXWIND.NS,114.39,110.19 (-3.67%),118.28 (+3.40%) | 130.32 (+13.93%)
MFSL.NS,1649.9,1594.40 (-3.36%) | 1533.40 (-7.06%),1666.90 (+1.03%) | 1751.40 (+6.15%)
DMART.NS,3831.4,3770.00 (-1.60%) | 3649.95 (-4.74%),3877.05 (+1.19%) | 3984.60 (+4.00%)
INTELLECT.NS,915.5,890.25 (-2.76%) | 826.70 (-9.70%),1016.00 (+10.98%) | 1065.00 (+16.33%)
LT.NS,3868.0,3831.10 (-0.95%) | 3731.40 (-3.53%),3981.60 (+2.94%) | 4062.60 (+5.03%)
TMPV.NS,349.0,,352.00 (+0.86%) | 366.75 (+5.09%)
COROMANDEL.NS,2320.0,2270.50 (-2.13%) | 2184.60 (-5.84%),2361.90 (+1.81%) | 2514.00 (+8.36%)
DEVYANI.NS,134.68,134.00 (-0.50%),141.14 (+4.80%) | 146.72 (+8.94%)
MANKIND.NS,2245.0,2168.20 (-3.42%) | 2090.00 (-6.90%),2279.40 (+1.53%) | 2348.05 (+4.59%)
ABCAPITAL.NS,358.95,345.40 (-3.77%) | 323.30 (-9.93%),
JSWSTEEL.NS,1185.7,1178.00 (-0.65%) | 1119.70 (-5.57%),1217.50 (+2.68%)
SBICARD.NS,848.0,846.50 (-0.18%) | 824.80 (-2.74%),876.70 (+3.38%) | 901.30 (+6.29%)
CAMS.NS,721.95,709.00 (-1.79%) | 676.40 (-6.31%),741.02 (+2.64%) | 766.80 (+6.21%)
KALYANKJIL.NS,480.9,475.50 (-1.12%) | 452.60 (-5.88%),500.70 (+4.12%) | 521.40 (+8.42%)
HINDALCO.NS,955.9,894.00 (-6.48%) | 860.90 (-9.94%),970.80 (+1.56%)
INDHOTEL.NS,688.0,682.70 (-0.77%),708.10 (+2.92%) | 728.40 (+5.87%)
THELEELA.NS,451.2,449.50 (-0.38%) | 432.50 (-4.14%),474.40 (+5.14%)
PIDILITIND.NS,1493.3,1466.00 (-1.83%) | 1421.00 (-4.84%),1496.00 (+0.18%) | 1535.45 (+2.82%)
PGHH.NS,12340.0,,12898.00 (+4.52%) | 13289.55 (+7.69%)
NAUKRI.NS,1306.0,,1332.49 (+2.03%) | 1382.80 (+5.88%)
THERMAX.NS,2975.7,2950.05 (-0.86%) | 2742.70 (-7.83%),3085.70 (+3.70%) | 3260.00 (+9.55%)
RKFORGE.NS,502.4,475.40 (-5.37%),513.20 (+2.15%) | 562.05 (+11.87%)
CHOLAHLDNG.NS,1801.0,1767.50 (-1.86%) | 1684.00 (-6.50%),1856.80 (+3.10%) | 1930.00 (+7.16%)
ENDURANCE.NS,2535.0,2486.90 (-1.90%) | 2395.00 (-5.52%),2653.00 (+4.65%) | 2764.90 (+9.07%)
VMM.NS,130.2,126.87 (-2.56%) | 118.55 (-8.95%),133.00 (+2.15%) | 138.00 (+5.99%)
INDIAMART.NS,2117.0,2046.00 (-3.35%) | 1914.95 (-9.54%),2161.95 (+2.12%) | 2252.50 (+6.40%)
ANGELONE.NS,2519.0,2424.00 (-3.77%) | 2267.50 (-9.98%),2520.00 (+0.04%) | 2630.30 (+4.42%)
SAILIFE.NS,904.0,897.00 (-0.77%) | 839.00 (-7.19%),943.00 (+4.31%) | 983.35 (+8.78%)
REDINGTON.NS,272.7,256.99 (-5.76%) | 244.80 (-10.23%),285.65 (+4.75%) | 306.99 (+12.57%)
ABLBL.NS,118.5,115.00 (-2.95%),124.50 (+5.06%) | 129.50 (+9.28%)
APTUS.NS,270.5,267.95 (-0.94%),280.05 (+3.53%) | 290.40 (+7.36%)
IRCTC.NS,627.7,,656.05 (+4.52%) | 675.00 (+7.54%)
ATUL.NS,6020.0,5640.00 (-6.31%) | 5244.05 (-12.89%),6076.15 (+0.93%) | 6270.25 (+4.16%)
ALKYLAMINE.NS,1638.7,1607.00 (-1.93%) | 1508.00 (-7.98%),1719.80 (+4.95%) | 1831.85 (+11.79%)
TIMKEN.NS,3056.2,2935.00 (-3.97%) | 2776.00 (-9.17%),3110.00 (+1.76%) | 3225.00 (+5.52%)
ASAHIINDIA.NS,943.0,933.00 (-1.06%) | 885.00 (-6.15%),982.50 (+4.19%)
BLUEDART.NS,5432.0,5365.00 (-1.23%),5584.60 (+2.81%) | 5809.20 (+6.94%)
BHARTIHEXA.NS,1639.0,1566.10 (-4.45%) | 1396.35 (-14.80%),1697.90 (+3.59%) | 1762.00 (+7.50%)
SONACOMS.NS,461.35,435.85 (-5.53%) | 402.30 (-12.80%),475.05 (+2.97%) | 493.35 (+6.94%)
ADANIGREEN.NS,935.0,914.05 (-2.24%) | 854.35 (-8.63%),983.35 (+5.17%) | 1049.90 (+12.29%)
CESC.NS,158.0,154.89 (-1.97%) | 141.60 (-10.38%),163.50 (+3.48%) | 172.16 (+8.96%)
RHIM.NS,460.0,451.45 (-1.86%) | 434.40 (-5.57%),472.05 (+2.62%) | 488.95 (+6.29%)
HAVELLS.NS,1437.5,1435.00 (-0.17%) | 1389.50 (-3.34%),1481.45 (+3.06%) | 1528.00 (+6.30%)
HDFCAMC.NS,2553.0,2526.25 (-1.05%) | 2433.40 (-4.68%),2639.45 (+3.39%) | 2752.00 (+7.79%)
GODREJPROP.NS,1871.8,,1905.10 (+1.78%) | 2007.90 (+7.27%)
PGEL.NS,586.9,531.30 (-9.47%) | 465.00 (-20.77%),597.05 (+1.73%) | 644.40 (+9.80%)
TITAN.NS,4215.0,4145.00 (-1.66%) | 3877.00 (-8.02%),4312.10 (+2.30%)
SWIGGY.NS,347.8,343.70 (-1.18%) | 317.00 (-8.86%),386.75 (+11.20%) | 413.60 (+18.92%)
TATATECH.NS,647.6,634.55 (-2.02%),652.00 (+0.68%) | 673.55 (+4.01%)
BANKINDIA.NS,152.78,149.24 (-2.32%) | 142.90 (-6.47%),153.24 (+0.30%)
INDIANB.NS,841.85,787.85 (-6.41%) | 754.90 (-10.33%),887.80 (+5.46%)
IRCON.NS,165.35,162.59 (-1.67%) | 155.30 (-6.08%),170.70 (+3.24%) | 179.64 (+8.64%)
KSB.NS,725.0,720.00 (-0.69%) | 675.00 (-6.90%),748.30 (+3.21%) | 773.70 (+6.72%)
TATACONSUM.NS,1169.0,1168.90 (-0.01%) | 1126.00 (-3.68%),1194.70 (+2.20%) | 1220.90 (+4.44%)
RELIANCE.NS,1458.8,1439.50 (-1.32%) | 1396.90 (-4.24%),1470.10 (+0.77%) | 1508.30 (+3.39%)
MANAPPURAM.NS,309.3,305.15 (-1.34%) | 292.70 (-5.37%),319.40 (+3.27%)
SYRMA.NS,703.15,645.35 (-8.22%) | 569.35 (-19.03%),704.40 (+0.18%) | 765.50 (+8.87%)
GESHIP.NS,1120.0,1090.10 (-2.67%) | 1044.60 (-6.73%),1137.70 (+1.58%) | 1179.00 (+5.27%)
ZENSARTECH.NS,706.1,687.15 (-2.68%) | 624.15 (-11.61%),718.85 (+1.81%) | 766.15 (+8.50%)
ATHERENERG.NS,649.0,636.10 (-1.99%) | 603.00 (-7.09%),679.00 (+4.62%) | 713.00 (+9.86%)
SCHAEFFLER.NS,3828.0,3736.95 (-2.38%) | 3379.00 (-11.73%),3957.10 (+3.37%) | 4075.10 (+6.46%)
^NSEI,25665.6,25548.70 (-0.46%) | 25079.20 (-2.28%),25842.95 (+0.69%) | 26097.85 (+1.68%)
CUB.NS,276.0,260.10 (-5.76%) | 240.60 (-12.83%),283.09 (+2.57%) | 302.20 (+9.49%)
TCS.NS,3197.8,3152.00 (-1.43%) | 3077.20 (-3.77%),3218.00 (+0.63%) | 3300.60 (+3.21%)
POLYMED.NS,1667.0,,1774.60 (+6.45%) | 1895.50 (+13.71%)
GRASIM.NS,2796.0,2787.30 (-0.31%) | 2716.00 (-2.86%),2845.00 (+1.75%) | 2896.00 (+3.58%)
TATACHEM.NS,768.1,756.00 (-1.58%),791.00 (+2.98%) | 831.80 (+8.29%)
COCHINSHIP.NS,1532.0,1440.00 (-6.01%) | 1332.10 (-13.05%),1582.00 (+3.26%) | 1717.00 (+12.08%)
KIRLOSENG.NS,1171.8,1104.10 (-5.78%) | 1068.30 (-8.83%),1194.95 (+1.98%) | 1278.50 (+9.11%)
TARIL.NS,265.0,,282.20 (+6.49%) | 314.00 (+18.49%)
TIINDIA.NS,2350.5,,2407.10 (+2.41%) | 2552.40 (+8.59%)
SJVN.NS,78.79,77.70 (-1.38%) | 69.85 (-11.35%),80.54 (+2.22%) | 84.43 (+7.16%)
STARHEALTH.NS,448.0,442.00 (-1.34%) | 412.60 (-7.90%),463.15 (+3.38%) | 486.00 (+8.48%)
ITCHOTELS.NS,192.0,187.05 (-2.58%) | 179.28 (-6.63%),198.25 (+3.26%) | 205.00 (+6.77%)
APOLLOHOSP.NS,7265.0,7189.00 (-1.05%) | 7040.00 (-3.10%),7410.00 (+2.00%) | 7635.00 (+5.09%)
DABUR.NS,513.35,504.00 (-1.82%) | 494.35 (-3.70%),515.00 (+0.32%) | 531.85 (+3.60%)
BPCL.NS,357.0,342.85 (-3.96%) | 334.50 (-6.30%),358.65 (+0.46%) | 368.95 (+3.35%)
HFCL.NS,64.31,,64.95 (+1.00%) | 69.05 (+7.37%)
FIRSTCRY.NS,270.15,,277.10 (+2.57%) | 318.35 (+17.84%)
CASTROLIND.NS,187.51,162.60 (-13.28%),188.01 (+0.27%) | 194.00 (+3.46%)
GRANULES.NS,597.85,581.90 (-2.67%) | 562.70 (-5.88%),599.20 (+0.23%) | 624.70 (+4.49%)
MOTHERSON.NS,113.58,112.60 (-0.86%) | 109.65 (-3.46%),115.60 (+1.78%) | 119.60 (+5.30%)
PRESTIGE.NS,1495.1,1490.80 (-0.29%) | 1354.80 (-9.38%),1590.10 (+6.35%) | 1698.00 (+13.57%)
CHENNPETRO.NS,877.0,858.85 (-2.07%) | 789.10 (-10.02%),
NAVINFLUOR.NS,6017.0,5950.00 (-1.11%) | 5711.50 (-5.08%),6223.00 (+3.42%)
ZENTEC.NS,1224.0,1148.45 (-6.17%) | 984.45 (-19.57%),1299.20 (+6.14%) | 1375.00 (+12.34%)
AAVAS.NS,1443.0,1435.00 (-0.55%),1560.60 (+8.15%) | 1644.00 (+13.93%)
AFCONS.NS,357.6,,382.00 (+6.82%) | 398.20 (+11.35%)
IEX.NS,139.05,132.00 (-5.07%),142.29 (+2.33%) | 151.00 (+8.59%)
MAHSCOOTER.NS,14160.0,13900.00 (-1.84%) | 12864.00 (-9.15%),14372.00 (+1.50%) | 14930.00 (+5.44%)
VBL.NS,501.0,482.35 (-3.72%) | 467.40 (-6.71%),501.75 (+0.15%) | 516.95 (+3.18%)
ZFCVINDIA.NS,13998.0,13669.00 (-2.35%) | 13233.00 (-5.47%),14250.00 (+1.80%) | 14735.00 (+5.27%)
DATAPATTNS.NS,2580.0,2505.60 (-2.88%) | 2389.45 (-7.39%),2647.00 (+2.60%) | 2775.00 (+7.56%)
GODIGIT.NS,328.4,324.90 (-1.07%) | 309.85 (-5.65%),347.80 (+5.91%) | 363.25 (+10.61%)
UBL.NS,1520.0,1495.40 (-1.62%),1574.10 (+3.56%) | 1666.30 (+9.63%)
PNBHOUSING.NS,976.8,935.80 (-4.20%) | 858.00 (-12.16%),995.00 (+1.86%) | 1045.50 (+7.03%)
PERSISTENT.NS,6300.0,6113.00 (-2.97%) | 5871.25 (-6.81%),6303.95 (+0.06%) | 6501.00 (+3.19%)
BATAINDIA.NS,904.5,,931.10 (+2.94%) | 958.75 (+6.00%)
LICHSGFIN.NS,536.45,519.00 (-3.25%) | 483.70 (-9.83%),545.55 (+1.70%) | 563.00 (+4.95%)
JMFINANCIL.NS,138.17,136.60 (-1.14%) | 114.90 (-16.84%),143.40 (+3.79%) | 155.99 (+12.90%)
FLUOROCHEM.NS,3383.0,3275.00 (-3.19%),3467.30 (+2.49%) | 3579.00 (+5.79%)
WELSPUNLIV.NS,125.15,116.05 (-7.27%) | 104.80 (-16.26%),126.70 (+1.24%) | 136.40 (+8.99%)
CHALET.NS,880.0,843.00 (-4.20%) | 803.30 (-8.72%),883.30 (+0.37%) | 936.65 (+6.44%)
BHARTIARTL.NS,2021.0,2005.10 (-0.79%) | 1970.40 (-2.50%),2045.80 (+1.23%) | 2110.40 (+4.42%)
HYUNDAI.NS,2315.3,2265.30 (-2.16%) | 1984.80 (-14.27%),2360.80 (+1.97%) | 2473.50 (+6.83%)
SCI.NS,214.75,207.40 (-3.42%) | 195.62 (-8.91%),220.10 (+2.49%) | 231.75 (+7.92%)
JUBLPHARMA.NS,1065.0,1034.50 (-2.86%) | 985.00 (-7.51%),1074.35 (+0.88%) | 1130.70 (+6.17%)
MANYAVAR.NS,538.8,533.20 (-1.04%),598.90 (+11.15%) | 638.00 (+18.41%)
NHPC.NS,81.25,81.00 (-0.31%) | 76.25 (-6.15%),84.99 (+4.60%) | 89.22 (+9.81%)
TITAGARH.NS,819.9,784.05 (-4.37%) | 747.85 (-8.79%),822.95 (+0.37%) | 890.15 (+8.57%)
IGIL.NS,314.0,302.25 (-3.74%) | 282.00 (-10.19%),318.00 (+1.27%) | 350.05 (+11.48%)
GODFRYPHLP.NS,2225.0,2027.00 (-8.90%) | 1753.67 (-21.18%),2433.15 (+9.36%) | 2580.60 (+15.98%)
NSLNISP.NS,42.98,42.56 (-0.98%) | 40.95 (-4.72%),44.89 (+4.44%) | 46.74 (+8.75%)
ABREL.NS,1533.1,,1562.60 (+1.92%) | 1638.00 (+6.84%)
SONATSOFTW.NS,346.8,327.80 (-5.48%),353.50 (+1.93%) | 375.90 (+8.39%)
APOLLOTYRE.NS,526.65,509.80 (-3.20%) | 497.10 (-5.61%),540.50 (+2.63%)
CAPLIPOINT.NS,1845.0,1785.05 (-3.25%) | 1606.00 (-12.95%),1891.00 (+2.49%) | 1968.80 (+6.71%)
NESTLEIND.NS,1307.0,1284.00 (-1.76%) | 1257.50 (-3.79%),1311.60 (+0.35%)
DIVISLAB.NS,6351.0,6230.00 (-1.91%) | 5940.25 (-6.47%),6514.50 (+2.57%) | 6669.00 (+5.01%)
SUNDRMFAST.NS,940.0,932.00 (-0.85%) | 904.00 (-3.83%),969.45 (+3.13%) | 1008.15 (+7.25%)
JKCEMENT.NS,5678.0,5619.50 (-1.03%) | 5323.00 (-6.25%),6145.00 (+8.22%) | 6513.50 (+14.71%)
ICICIBANK.NS,1416.6,1404.70 (-0.84%) | 1373.00 (-3.08%),1426.40 (+0.69%) | 1459.70 (+3.04%)
NYKAA.NS,253.4,249.28 (-1.63%) | 241.85 (-4.56%),260.90 (+2.96%) | 268.25 (+5.86%)
COHANCE.NS,443.0,,578.75 (+30.64%) | 856.30 (+93.30%)
LTIM.NS,6017.0,5910.00 (-1.78%) | 5692.00 (-5.40%),6096.95 (+1.33%) | 6380.00 (+6.03%)
ARE&M.NS,875.0,,892.10 (+1.95%) | 931.05 (+6.41%)
ECLERX.NS,4571.5,4423.00 (-3.25%) | 4200.00 (-8.13%),4640.00 (+1.50%) | 4830.00 (+5.65%)
ATGL.NS,554.4,532.60 (-3.93%),587.10 (+5.90%) | 607.40 (+9.56%)
ASTRAL.NS,1465.0,1431.10 (-2.31%) | 1391.10 (-5.04%),1471.60 (+0.45%) | 1515.85 (+3.47%)
HONASA.NS,286.75,286.60 (-0.05%) | 274.55 (-4.25%),306.00 (+6.71%) | 330.19 (+15.15%)
BBTC.NS,1848.6,1812.60 (-1.95%) | 1698.50 (-8.12%),1880.00 (+1.70%) | 2005.00 (+8.46%)
AEGISLOG.NS,720.75,720.50 (-0.03%) | 657.05 (-8.84%),760.10 (+5.46%) | 818.00 (+13.49%)
GPIL.NS,263.75,260.31 (-1.30%) | 249.50 (-5.40%),275.50 (+4.45%) | 290.00 (+9.95%)
IOC.NS,159.28,154.97 (-2.71%) | 146.85 (-7.80%),160.41 (+0.71%) | 165.50 (+3.91%)
ITC.NS,334.85,,391.20 (+16.83%) | 398.00 (+18.86%)
ADANIENSOL.NS,922.7,894.90 (-3.01%) | 846.95 (-8.21%),949.00 (+2.85%) | 981.00 (+6.32%)
CONCORDBIO.NS,1351.0,,1351.60 (+0.04%) | 1425.20 (+5.49%)
MMTC.NS,70.01,69.85 (-0.23%) | 66.55 (-4.94%),73.00 (+4.27%) | 88.19 (+25.97%)
TTML.NS,46.59,44.52 (-4.44%),48.40 (+3.88%) | 54.00 (+15.90%)
JSWENERGY.NS,495.8,492.50 (-0.67%) | 473.80 (-4.44%),516.55 (+4.19%) | 532.65 (+7.43%)
SBIN.NS,1030.0,1024.00 (-0.58%) | 986.60 (-4.21%),
JWL.NS,328.1,323.85 (-1.30%) | 290.10 (-11.58%),349.00 (+6.37%) | 367.25 (+11.93%)
LALPATHLAB.NS,1408.0,1333.47 (-5.29%) | 1246.88 (-11.44%),1416.57 (+0.61%) | 1467.50 (+4.23%)
IDEA.NS,11.08,11.08 (+0.00%) | 10.47 (-5.51%),11.08 (+0.00%) | 12.03 (+8.57%)
ACMESOLAR.NS,221.81,217.45 (-1.97%) | 200.29 (-9.70%),233.20 (+5.14%) | 247.30 (+11.49%)
BAYERCROP.NS,4428.1,4400.00 (-0.63%) | 4217.45 (-4.76%),4548.80 (+2.73%) | 4920.05 (+11.11%)
ZEEL.NS,90.41,89.32 (-1.21%),94.35 (+4.36%) | 98.50 (+8.95%)
ENGINERSIN.NS,196.32,187.47 (-4.51%) | 171.75 (-12.52%),197.74 (+0.72%) | 205.70 (+4.78%)
OLECTRA.NS,1118.9,1087.35 (-2.82%) | 1008.30 (-9.88%),1160.35 (+3.70%) | 1244.90 (+11.26%)
GLAND.NS,1752.0,1738.00 (-0.80%) | 1651.90 (-5.71%),1815.00 (+3.60%) | 1905.60 (+8.77%)
SARDAEN.NS,486.5,463.90 (-4.65%) | 443.95 (-8.75%),500.80 (+2.94%) | 524.25 (+7.76%)
ICICIGI.NS,1860.0,1849.00 (-0.59%) | 1745.10 (-6.18%),1908.00 (+2.58%) | 1964.80 (+5.63%)
PATANJALI.NS,543.95,523.33 (-3.79%),549.03 (+0.93%) | 574.33 (+5.59%)
WELCORP.NS,738.25,710.00 (-3.83%) | 676.70 (-8.34%),758.00 (+2.68%) | 808.15 (+9.47%)
DOMS.NS,2530.0,2480.20 (-1.97%) | 2372.00 (-6.25%),2620.00 (+3.56%) | 2706.40 (+6.97%)
CYIENT.NS,1173.1,1154.00 (-1.63%) | 1106.40 (-5.69%),1198.80 (+2.19%) | 1254.10 (+6.90%)
WAAREEENER.NS,2558.9,2414.00 (-5.66%) | 2275.00 (-11.09%),2721.00 (+6.33%) | 2830.50 (+10.61%)
GSPL.NS,306.8,302.60 (-1.37%) | 287.55 (-6.27%),319.25 (+4.06%) | 334.25 (+8.95%)
AIIL.NS,670.0,659.00 (-1.64%) | 600.00 (-10.45%),
CIPLA.NS,1433.5,1406.15 (-1.91%) | 1366.10 (-4.70%),1437.75 (+0.30%) | 1491.00 (+4.01%)
CEATLTD.NS,3821.2,3755.00 (-1.73%) | 3605.00 (-5.66%),3896.00 (+1.96%) | 4044.00 (+5.83%)
GLAXO.NS,2384.0,2364.00 (-0.84%) | 2202.00 (-7.63%),2560.00 (+7.38%) | 2775.00 (+16.40%)
WOCKPHARMA.NS,1397.0,1326.80 (-5.03%) | 1236.00 (-11.52%),1430.00 (+2.36%) | 1536.80 (+10.01%)
SIEMENS.NS,2963.8,2904.50 (-2.00%) | 2789.80 (-5.87%),3042.04 (+2.64%) | 3169.90 (+6.95%)
HINDPETRO.NS,440.0,439.35 (-0.15%) | 423.00 (-3.86%),455.20 (+3.45%) | 469.30 (+6.66%)
BALKRISIND.NS,2424.0,2363.60 (-2.49%) | 2295.10 (-5.32%),2474.85 (+2.10%) | 2545.65 (+5.02%)
NCC.NS,150.0,145.05 (-3.30%),152.20 (+1.47%) | 170.05 (+13.37%)
LODHA.NS,1059.5,1053.20 (-0.59%),1108.70 (+4.64%) | 1147.65 (+8.32%)
AMBER.NS,6140.0,5235.00 (-14.74%),6202.35 (+1.02%) | 6528.00 (+6.32%)
MAHSEAMLES.NS,528.0,,555.55 (+5.22%) | 580.20 (+9.89%)
RAINBOW.NS,1253.0,1218.00 (-2.79%),1260.90 (+0.63%) | 1338.05 (+6.79%)
AARTIIND.NS,361.9,,364.15 (+0.62%) | 376.65 (+4.08%)
PFIZER.NS,4811.2,4770.50 (-0.85%) | 4413.05 (-8.28%),4903.60 (+1.92%) | 5079.50 (+5.58%)
SYNGENE.NS,631.85,619.30 (-1.99%) | 599.55 (-5.11%),636.30 (+0.70%) | 663.20 (+4.96%)
SUMICHEM.NS,428.9,,432.20 (+0.77%) | 456.05 (+6.33%)
NAM-INDIA.NS,866.0,856.55 (-1.09%) | 821.95 (-5.09%),887.90 (+2.53%) | 915.40 (+5.70%)
BALRAMCHIN.NS,424.9,419.05 (-1.38%),442.75 (+4.20%) | 462.00 (+8.73%)
AGARWALEYE.NS,495.0,485.00 (-2.02%) | 464.00 (-6.26%),515.00 (+4.04%) | 543.20 (+9.74%)
JUBLINGREA.NS,687.9,658.20 (-4.32%) | 630.00 (-8.42%),712.00 (+3.50%) | 753.90 (+9.59%)
FORCEMOT.NS,20450.0,20240.00 (-1.03%) | 17850.00 (-12.71%),
KEC.NS,699.0,682.00 (-2.43%) | 648.60 (-7.21%),744.65 (+6.53%) | 777.00 (+11.16%)
HDFCBANK.NS,925.0,883.50 (-4.49%) | 868.95 (-6.06%),943.40 (+1.99%) | 958.50 (+3.62%)
IFCI.NS,55.97,54.17 (-3.22%) | 50.12 (-10.45%),57.00 (+1.84%) | 59.39 (+6.11%)
FSL.NS,320.4,305.25 (-4.73%) | 275.25 (-14.09%),322.50 (+0.66%) | 336.85 (+5.13%)
GLENMARK.NS,2015.0,1976.00 (-1.94%) | 1879.40 (-6.73%),2034.90 (+0.99%) | 2125.00 (+5.46%)
IRFC.NS,122.28,121.56 (-0.59%) | 117.21 (-4.15%),126.00 (+3.04%) | 129.50 (+5.90%)
360ONE.NS,1158.8,1125.00 (-2.92%) | 1067.25 (-7.90%),1176.40 (+1.52%) | 1228.80 (+6.04%)
CENTRALBK.NS,38.46,38.06 (-1.04%) | 36.30 (-5.62%),39.18 (+1.87%) | 41.06 (+6.76%)
DEEPAKFERT.NS,1222.0,1114.85 (-8.77%) | 938.90 (-23.17%),1223.80 (+0.15%) | 1274.70 (+4.31%)
UCOBANK.NS,29.45,27.90 (-5.26%) | 26.81 (-8.96%),29.62 (+0.58%) | 30.58 (+3.84%)
ALOKINDS.NS,15.79,14.50 (-8.17%),15.80 (+0.06%) | 16.90 (+7.03%)
GODREJIND.NS,1006.0,946.70 (-5.89%) | 805.75 (-19.91%),1026.00 (+1.99%) | 1066.80 (+6.04%)
GUJGASLTD.NS,413.45,411.95 (-0.36%) | 396.90 (-4.00%),425.00 (+2.79%) | 446.30 (+7.95%)
GODREJCP.NS,1224.0,1197.45 (-2.17%) | 1160.00 (-5.23%),1255.20 (+2.55%) | 1287.90 (+5.22%)
JBCHEPHARM.NS,1893.0,1844.00 (-2.59%) | 1797.85 (-5.03%),1939.00 (+2.43%)
NEULANDLAB.NS,14299.0,13388.00 (-6.37%) | 12370.00 (-13.49%),14335.60 (+0.26%) | 15500.00 (+8.40%)
CAMPUS.NS,249.0,246.20 (-1.12%) | 236.85 (-4.88%),257.00 (+3.21%) | 270.90 (+8.80%)
^CNXMETAL,11661.4,11652.70 (-0.07%) | 11036.55 (-5.36%),
EXIDEIND.NS,345.35,336.65 (-2.52%),346.95 (+0.46%) | 364.45 (+5.53%)
NAVA.NS,569.75,548.95 (-3.65%) | 501.65 (-11.95%),590.05 (+3.56%) | 612.50 (+7.50%)
COFORGE.NS,1685.4,1628.52 (-3.37%) | 1564.03 (-7.20%),1724.80 (+2.34%) | 1778.00 (+5.49%)
NTPC.NS,349.0,338.25 (-3.08%) | 329.75 (-5.52%),349.80 (+0.23%) | 371.45 (+6.43%)
WIPRO.NS,260.95,257.29 (-1.40%) | 246.87 (-5.40%),262.90 (+0.75%) | 271.30 (+3.97%)
RELINFRA.NS,148.51,128.38 (-13.55%),149.16 (+0.44%) | 176.00 (+18.51%)
AMBUJACEM.NS,549.5,547.50 (-0.36%) | 526.35 (-4.21%),561.90 (+2.26%) | 584.80 (+6.42%)
KIRLOSBROS.NS,1612.0,1536.00 (-4.71%) | 1422.35 (-11.76%),1668.05 (+3.48%) | 1747.15 (+8.38%)
IRB.NS,41.71,41.04 (-1.61%),42.63 (+2.21%) | 43.99 (+5.47%)
AJANTPHARM.NS,2704.4,2623.95 (-2.97%) | 2533.05 (-6.34%),2718.50 (+0.52%) | 2825.00 (+4.46%)
CRISIL.NS,4742.3,4613.00 (-2.73%) | 4301.00 (-9.31%),4859.80 (+2.48%) | 5180.00 (+9.23%)
ELGIEQUIP.NS,439.9,432.20 (-1.75%) | 412.40 (-6.25%),451.35 (+2.60%) | 474.00 (+7.75%)
DEEPAKNTR.NS,1566.0,,1580.70 (+0.94%) | 1745.70 (+11.48%)
NIACL.NS,150.2,148.53 (-1.11%) | 135.60 (-9.72%),154.50 (+2.86%) | 167.50 (+11.52%)
J&KBANK.NS,102.9,99.00 (-3.79%) | 92.82 (-9.80%),103.20 (+0.29%) | 106.32 (+3.32%)
EMCURE.NS,1573.0,1568.30 (-0.30%) | 1468.10 (-6.67%),
DRREDDY.NS,1191.5,1164.65 (-2.25%) | 1138.50 (-4.45%),1221.00 (+2.48%) | 1254.00 (+5.25%)
BHEL.NS,267.25,259.99 (-2.72%) | 250.50 (-6.27%),269.12 (+0.70%) | 279.80 (+4.70%)
LTF.NS,295.95,290.15 (-1.96%) | 273.57 (-7.56%),296.70 (+0.25%) | 308.25 (+4.16%)
NIVABUPA.NS,78.75,77.55 (-1.52%) | 72.65 (-7.75%),82.73 (+5.05%) | 85.20 (+8.19%)
PAYTM.NS,1308.0,1291.60 (-1.25%) | 1254.60 (-4.08%),1353.80 (+3.50%)
TRIDENT.NS,25.42,24.63 (-3.11%),26.45 (+4.05%) | 27.75 (+9.17%)
TATACOMM.NS,1753.0,1748.00 (-0.29%) | 1699.00 (-3.08%),1818.70 (+3.75%) | 1917.40 (+9.38%)
AKZOINDIA.NS,3087.0,,3116.25 (+0.95%) | 3252.90 (+5.37%)
KPITTECH.NS,1180.7,1180.00 (-0.06%) | 1142.30 (-3.25%),1268.95 (+7.47%) | 1331.45 (+12.77%)
AFFLE.NS,1729.0,1691.90 (-2.15%) | 1618.00 (-6.42%),1749.90 (+1.21%) | 1829.00 (+5.78%)
JBMA.NS,600.8,585.00 (-2.63%) | 557.00 (-7.29%),626.00 (+4.19%) | 663.03 (+10.36%)
MSUMI.NS,45.9,43.97 (-4.20%) | 41.15 (-10.36%),50.49 (+10.00%) | 53.59 (+16.75%)
ANANTRAJ.NS,551.0,534.50 (-2.99%) | 493.00 (-10.53%),568.75 (+3.22%) | 604.20 (+9.66%)
SAGILITY.NS,51.45,49.78 (-3.25%) | 47.47 (-7.74%),52.34 (+1.73%) | 55.24 (+7.37%)
EIHOTEL.NS,344.8,340.85 (-1.15%) | 305.00 (-11.54%),362.25 (+5.06%) | 376.05 (+9.06%)
FORTIS.NS,910.5,878.35 (-3.53%) | 855.50 (-6.04%),930.10 (+2.15%) | 971.00 (+6.64%)
LATENTVIEW.NS,431.2,416.95 (-3.30%) | 401.70 (-6.84%),433.70 (+0.58%) | 449.15 (+4.16%)
^NSEBANK,59580.15,59478.15 (-0.17%) | 58469.90 (-1.86%),60114.30 (+0.90%)
SHRIRAMFIN.NS,979.8,949.20 (-3.12%) | 872.00 (-11.00%),1025.60 (+4.67%)
NMDC.NS,83.7,80.33 (-4.03%) | 78.45 (-6.27%),86.72 (+3.61%)
SUNDARMFIN.NS,5022.0,4760.00 (-5.22%) | 4550.00 (-9.40%),5072.90 (+1.01%) | 5344.50 (+6.42%)
HBLENGINE.NS,880.45,846.90 (-3.81%) | 805.50 (-8.51%),914.35 (+3.85%) | 944.35 (+7.26%)
HINDZINC.NS,655.0,605.20 (-7.60%) | 588.15 (-10.21%),656.35 (+0.21%)
PCBL.NS,281.0,,282.80 (+0.64%) | 331.00 (+17.79%)
LAURUSLABS.NS,1090.4,1076.30 (-1.29%) | 1033.50 (-5.22%),1141.00 (+4.64%)
JYOTHYLAB.NS,256.95,,279.00 (+8.58%) | 289.20 (+12.55%)
POONAWALLA.NS,473.4,473.20 (-0.04%) | 452.80 (-4.35%),494.40 (+4.44%) | 513.35 (+8.44%)
SUPREMEIND.NS,3499.9,3452.05 (-1.37%) | 3256.60 (-6.95%),3655.10 (+4.43%) | 3825.95 (+9.32%)
KAYNES.NS,3673.0,3548.20 (-3.40%),3833.65 (+4.37%) | 4214.45 (+14.74%)
ITI.NS,300.85,295.45 (-1.79%) | 270.10 (-10.22%),310.80 (+3.31%) | 325.00 (+8.03%)
DIXON.NS,11108.0,,11646.00 (+4.84%) | 12202.20 (+9.85%)
SOBHA.NS,1550.0,1532.10 (-1.15%) | 1478.60 (-4.61%),1623.00 (+4.71%) | 1718.00 (+10.84%)
SAREGAMA.NS,347.0,340.30 (-1.93%),364.15 (+4.94%) | 389.80 (+12.33%)
VEDL.NS,676.0,629.90 (-6.82%) | 590.40 (-12.66%),
HEROMOTOCO.NS,5665.0,5665.00 (+0.00%) | 5514.00 (-2.67%),5665.00 (+0.00%) | 6388.50 (+12.77%)
NEWGEN.NS,770.8,758.20 (-1.63%),829.90 (+7.67%) | 880.00 (+14.17%)
BRIGADE.NS,842.5,838.50 (-0.47%),880.15 (+4.47%) | 914.85 (+8.59%)
RADICO.NS,2900.0,2786.90 (-3.90%) | 2665.00 (-8.10%),2940.00 (+1.38%) | 3067.00 (+5.76%)
FACT.NS,853.3,832.00 (-2.50%) | 754.85 (-11.54%),873.45 (+2.36%) | 917.40 (+7.51%)
VENTIVE.NS,774.0,774.00 (+0.00%) | 744.00 (-3.88%),774.00 (+0.00%) | 810.40 (+4.70%)
MAXHEALTH.NS,1034.6,978.60 (-5.41%) | 940.05 (-9.14%),1047.00 (+1.20%) | 1082.00 (+4.58%)
^CNXENERGY,34622.25,34149.10 (-1.37%) | 33571.90 (-3.03%),35043.40 (+1.22%) | 35967.60 (+3.89%)
BANKBARODA.NS,307.9,303.95 (-1.28%) | 293.25 (-4.76%),
TEJASNET.NS,370.0,,474.45 (+28.23%) | 501.00 (+35.41%)
FINCABLES.NS,775.5,745.00 (-3.93%) | 707.30 (-8.79%),780.00 (+0.58%) | 819.05 (+5.62%)
NATCOPHARM.NS,887.55,849.75 (-4.26%) | 789.00 (-11.10%),887.65 (+0.01%) | 919.50 (+3.60%)
EICHERMOT.NS,7370.0,7284.50 (-1.16%) | 7132.50 (-3.22%),
HUDCO.NS,216.55,212.40 (-1.92%) | 202.60 (-6.44%),230.20 (+6.30%) | 238.49 (+10.13%)
CGCL.NS,181.1,172.10 (-4.97%) | 163.00 (-9.99%),186.95 (+3.23%) | 195.90 (+8.17%)
NBCC.NS,105.22,103.00 (-2.11%) | 99.18 (-5.74%),107.00 (+1.69%) | 112.10 (+6.54%)
JSWINFRA.NS,262.8,262.10 (-0.27%) | 251.20 (-4.41%),275.00 (+4.64%) | 291.75 (+11.02%)
MGL.NS,1048.8,1040.20 (-0.82%),1092.30 (+4.15%) | 1160.80 (+10.68%)
GRAVITA.NS,1614.0,1575.05 (-2.41%) | 1434.00 (-11.15%),1650.20 (+2.24%) | 1760.35 (+9.07%)
PRAJIND.NS,306.1,293.40 (-4.15%),328.55 (+7.33%) | 345.25 (+12.79%)
GRSE.NS,2428.0,2348.90 (-3.26%) | 2168.60 (-10.68%),2466.10 (+1.57%) | 2620.00 (+7.91%)
ALKEM.NS,5822.5,5736.00 (-1.49%) | 5591.00 (-3.98%),5868.00 (+0.78%)
BIKAJI.NS,699.0,688.80 (-1.46%) | 653.95 (-6.44%),718.50 (+2.79%) | 748.50 (+7.08%)
ASTERDM.NS,606.9,590.50 (-2.70%) | 572.10 (-5.73%),611.40 (+0.74%) | 652.00 (+7.43%)
AKUMS.NS,444.2,432.60 (-2.61%) | 411.40 (-7.38%),463.75 (+4.40%) | 483.00 (+8.73%)
DBREALTY.NS,108.5,,113.49 (+4.60%) | 121.47 (+11.95%)
IIFL.NS,634.4,592.80 (-6.56%) | 559.75 (-11.77%),
ONESOURCE.NS,1765.0,1750.00 (-0.85%) | 1638.00 (-7.20%),1852.20 (+4.94%) | 1959.00 (+10.99%)
IREDA.NS,138.06,137.01 (-0.76%) | 129.11 (-6.48%),143.22 (+3.74%) | 149.63 (+8.38%)
GAIL.NS,165.1,163.35 (-1.06%) | 155.51 (-5.81%),168.49 (+2.05%) | 173.47 (+5.07%)
CLEAN.NS,859.0,,877.70 (+2.18%) | 924.40 (+7.61%)
VTL.NS,420.8,387.05 (-8.02%) | 361.10 (-14.19%),423.00 (+0.52%) | 442.35 (+5.12%)
SBILIFE.NS,2067.4,2046.30 (-1.02%) | 1985.00 (-3.99%),2109.60 (+2.04%)
AXISBANK.NS,1299.0,1258.90 (-3.09%) | 1238.70 (-4.64%),
OFSS.NS,7529.0,7131.90 (-5.27%),7545.00 (+0.21%) | 8080.00 (+7.32%)
BLUESTARCO.NS,1807.8,1774.00 (-1.87%) | 1711.05 (-5.35%),1845.15 (+2.07%) | 2002.45 (+10.77%)
TRITURBINE.NS,509.8,495.05 (-2.89%) | 460.30 (-9.71%),518.10 (+1.63%) | 546.00 (+7.10%)
LINDEINDIA.NS,6099.0,5920.90 (-2.92%) | 5730.00 (-6.05%),6105.00 (+0.10%) | 6356.15 (+4.22%)
TORNTPOWER.NS,1348.0,1343.55 (-0.33%) | 1303.85 (-3.28%),1420.00 (+5.34%) | 1471.70 (+9.18%)
CGPOWER.NS,577.3,575.50 (-0.31%) | 548.15 (-5.05%),611.65 (+5.95%) | 647.00 (+12.07%)
LLOYDSME.NS,1235.0,1142.40 (-7.50%) | 1092.65 (-11.53%),1236.00 (+0.08%) | 1312.80 (+6.30%)
INDUSINDBK.NS,943.0,923.70 (-2.05%) | 890.90 (-5.52%),1063.30 (+12.76%)
AUBANK.NS,980.8,957.40 (-2.39%) | 922.90 (-5.90%),1007.25 (+2.70%) | 1026.80 (+4.69%)
ZYDUSLIFE.NS,885.0,859.50 (-2.88%),891.15 (+0.69%) | 925.00 (+4.52%)
APARINDS.NS,7460.0,6690.00 (-10.32%) | 6382.55 (-14.44%),7468.15 (+0.11%) | 7997.00 (+7.20%)
BAJAJHLDNG.NS,10790.0,,10830.00 (+0.37%) | 11283.80 (+4.58%)
INDUSTOWER.NS,438.95,413.80 (-5.73%) | 401.40 (-8.55%),446.00 (+1.61%)
RECLTD.NS,370.0,357.35 (-3.42%) | 330.95 (-10.55%),375.70 (+1.54%) | 390.50 (+5.54%)
MAZDOCK.NS,2468.5,2325.10 (-5.81%) | 2084.50 (-15.56%),2496.30 (+1.13%) | 2623.20 (+6.27%)
NUVOCO.NS,352.35,343.20 (-2.60%) | 331.55 (-5.90%),358.80 (+1.83%) | 376.60 (+6.88%)
JYOTICNC.NS,928.0,904.15 (-2.57%) | 833.35 (-10.20%),966.20 (+4.12%) | 1030.00 (+10.99%)
M&M.NS,3646.5,3575.20 (-1.96%) | 3429.00 (-5.96%),3650.00 (+0.10%) | 3781.00 (+3.69%)
ONGC.NS,247.98,246.71 (-0.51%) | 241.50 (-2.61%),252.75 (+1.92%) | 258.50 (+4.24%)
JSWCEMENT.NS,121.65,115.23 (-5.28%) | 109.20 (-10.23%),122.00 (+0.29%) | 135.90 (+11.71%)
AWL.NS,217.7,,231.80 (+6.48%) | 240.95 (+10.68%)
SHREECEM.NS,27600.0,26685.00 (-3.32%) | 25645.00 (-7.08%),28000.00 (+1.45%) | 28900.00 (+4.71%)
YESBANK.NS,22.95,22.36 (-2.57%) | 21.70 (-5.45%),23.39 (+1.92%) | 24.30 (+5.88%)
SUNTV.NS,555.0,550.00 (-0.90%) | 531.10 (-4.31%),566.70 (+2.11%) | 592.00 (+6.67%)
ULTRACEMCO.NS,12242.0,11991.00 (-2.05%) | 11649.90 (-4.84%),12339.00 (+0.79%) | 12575.00 (+2.72%)
TRENT.NS,3930.0,,3993.70 (+1.62%) | 4262.60 (+8.46%)
HDFCLIFE.NS,743.9,725.00 (-2.54%) | 708.40 (-4.77%),749.80 (+0.79%) | 769.80 (+3.48%)
MOTILALOFS.NS,860.85,848.75 (-1.41%) | 777.60 (-9.67%),898.20 (+4.34%) | 954.00 (+10.82%)
CROMPTON.NS,254.3,248.40 (-2.32%),262.15 (+3.09%) | 278.00 (+9.32%)
SRF.NS,3026.6,2983.90 (-1.41%) | 2901.65 (-4.13%),3067.00 (+1.33%) | 3141.80 (+3.81%)
MRPL.NS,156.02,148.58 (-4.77%) | 138.50 (-11.23%),158.30 (+1.46%) | 167.64 (+7.45%)
CANFINHOME.NS,917.0,886.50 (-3.33%) | 865.00 (-5.67%),925.00 (+0.87%) | 964.90 (+5.22%)
MPHASIS.NS,2792.6,2728.10 (-2.31%) | 2650.95 (-5.07%),2857.00 (+2.31%) | 2950.40 (+5.65%)
VOLTAS.NS,1438.4,1402.90 (-2.47%) | 1357.20 (-5.65%),1445.00 (+0.46%) | 1483.55 (+3.14%)
ABB.NS,4935.5,4890.00 (-0.92%),5105.50 (+3.44%) | 5264.50 (+6.67%)
ADANIPOWER.NS,142.6,140.68 (-1.35%) | 122.12 (-14.36%),146.71 (+2.88%) | 155.99 (+9.39%)
COALINDIA.NS,431.7,411.80 (-4.61%) | 399.45 (-7.47%),
EMAMILTD.NS,502.0,,512.95 (+2.18%) | 540.00 (+7.57%)
JINDALSTEL.NS,1040.0,1022.00 (-1.73%) | 984.20 (-5.37%),1057.15 (+1.65%) | 1087.60 (+4.58%)
^CNXMEDIA,1415.45,1390.30 (-1.78%) | 1344.40 (-5.02%),1424.40 (+0.63%) | 1456.90 (+2.93%)
CERA.NS,5100.0,5095.00 (-0.10%),5380.00 (+5.49%) | 5643.00 (+10.65%)
RBLBANK.NS,312.0,308.55 (-1.11%) | 296.20 (-5.06%),318.40 (+2.05%) | 332.00 (+6.41%)
MAHABANK.NS,65.74,60.88 (-7.39%) | 58.00 (-11.77%),65.97 (+0.35%)
IGL.NS,181.5,180.52 (-0.54%) | 172.15 (-5.15%),188.19 (+3.69%) | 204.95 (+12.92%)
KOTAKBANK.NS,420.2,413.08 (-1.69%) | 398.98 (-5.05%),424.80 (+1.09%) | 432.60 (+2.95%)
TATAPOWER.NS,367.3,362.45 (-1.32%) | 352.15 (-4.12%),376.20 (+2.42%) | 386.05 (+5.10%)
JUBLFOOD.NS,528.75,512.10 (-3.15%),548.40 (+3.72%) | 575.05 (+8.76%)
DELHIVERY.NS,402.7,393.60 (-2.26%) | 367.70 (-8.69%),426.30 (+5.86%) | 449.45 (+11.61%)
KFINTECH.NS,1070.0,1053.55 (-1.54%) | 991.25 (-7.36%),1116.80 (+4.37%) | 1170.40 (+9.38%)
DLF.NS,650.0,622.00 (-4.31%),650.35 (+0.05%) | 683.00 (+5.08%)
JPPOWER.NS,16.46,15.40 (-6.44%) | 14.36 (-12.76%),16.49 (+0.18%) | 17.20 (+4.50%)
ERIS.NS,1471.5,1417.10 (-3.70%) | 1318.00 (-10.43%),1499.90 (+1.93%) | 1579.10 (+7.31%)
MRF.NS,145505.0,142200.00 (-2.27%) | 139410.00 (-4.19%),147435.00 (+1.33%) | 151900.00 (+4.40%)
CREDITACC.NS,1286.9,1253.60 (-2.59%) | 1179.20 (-8.37%),1306.60 (+1.53%) | 1401.30 (+8.89%)
NATIONALUM.NS,373.75,328.85 (-12.01%) | 271.89 (-27.25%),
OBEROIRLTY.NS,1646.7,1645.05 (-0.10%) | 1593.10 (-3.25%),1704.25 (+3.49%) | 1761.90 (+7.00%)
LTFOODS.NS,368.8,347.05 (-5.90%) | 316.00 (-14.32%),378.85 (+2.73%) | 406.85 (+10.32%)
NUVAMA.NS,1433.0,1428.70 (-0.30%) | 1360.00 (-5.09%),1487.50 (+3.80%) | 1579.00 (+10.19%)
CARBORUNIV.NS,808.0,,809.10 (+0.14%) | 888.30 (+9.94%)
M&MFIN.NS,355.95,343.00 (-3.64%) | 329.35 (-7.47%),387.00 (+8.72%) | 412.20 (+15.80%)
INDGN.NS,505.5,499.00 (-1.29%),529.00 (+4.65%) | 565.00 (+11.77%)
CRAFTSMAN.NS,7850.5,7378.50 (-6.01%) | 7067.00 (-9.98%),
^CNXFMCG,52258.65,50199.35 (-3.94%),52426.65 (+0.32%) | 53782.60 (+2.92%)
^CNXAUTO,27721.85,27087.35 (-2.29%) | 26365.65 (-4.89%),27725.75 (+0.01%) | 28099.65 (+1.36%)
RCF.NS,138.0,135.38 (-1.90%) | 124.50 (-9.78%),141.65 (+2.64%) | 147.35 (+6.78%)
HSCL.NS,470.4,444.00 (-5.61%) | 418.50 (-11.03%),475.85 (+1.16%) | 494.40 (+5.10%)
INOXINDIA.NS,1116.1,1112.00 (-0.37%) | 1055.05 (-5.47%),1146.10 (+2.69%) | 1188.55 (+6.49%)
JIOFIN.NS,287.3,281.30 (-2.09%) | 265.20 (-7.69%),292.20 (+1.71%) | 299.25 (+4.16%)
INDIACEM.NS,474.7,451.35 (-4.92%) | 430.45 (-9.32%),
GODREJAGRO.NS,549.0,,564.00 (+2.73%) | 614.90 (+12.00%)
ASHOKLEY.NS,187.0,183.34 (-1.96%) | 152.94 (-18.21%),191.80 (+2.57%)
OLAELEC.NS,38.73,36.10 (-6.79%) | 30.76 (-20.58%),40.40 (+4.31%) | 46.40 (+19.80%)
TECHM.NS,1592.2,1550.80 (-2.60%) | 1483.90 (-6.80%),1604.40 (+0.77%) | 1638.00 (+2.88%)
COLPAL.NS,2097.8,2096.20 (-0.08%) | 2033.00 (-3.09%),2194.00 (+4.59%) | 2279.70 (+8.67%)
POWERGRID.NS,258.2,252.20 (-2.32%),258.95 (+0.29%) | 268.50 (+3.99%)
BEML.NS,1810.9,1759.35 (-2.85%) | 1635.50 (-9.69%),1911.80 (+5.57%) | 1989.50 (+9.86%)
BEL.NS,417.55,416.65 (-0.22%) | 407.50 (-2.41%),426.50 (+2.14%) | 436.00 (+4.42%)
SAMMAANCAP.NS,142.99,138.82 (-2.92%) | 131.33 (-8.15%),146.21 (+2.25%) | 152.60 (+6.72%)
LEMONTREE.NS,149.49,143.90 (-3.74%) | 135.60 (-9.29%),154.72 (+3.50%) | 161.00 (+7.70%)
PPLPHARMA.NS,168.28,,169.58 (+0.77%) | 184.29 (+9.51%)
UNITDSPR.NS,1337.8,1271.10 (-4.99%),1362.05 (+1.81%) | 1415.20 (+5.79%)
POWERINDIA.NS,16870.0,16721.00 (-0.88%) | 14674.00 (-13.02%),17638.00 (+4.55%) | 18770.00 (+11.26%)
KPIL.NS,1140.2,1135.45 (-0.42%) | 1063.00 (-6.77%),1175.00 (+3.05%) | 1234.00 (+8.23%)
CANBK.NS,154.1,146.96 (-4.63%) | 141.45 (-8.21%),154.21 (+0.07%) | 158.00 (+2.53%)
ESCORTS.NS,3694.0,3628.95 (-1.76%) | 3467.30 (-6.14%),3793.90 (+2.70%) | 3907.10 (+5.77%)
ABFRL.NS,72.87,70.55 (-3.18%),75.61 (+3.76%) | 86.20 (+18.29%)
BAJFINANCE.NS,944.8,926.01 (-1.99%) | 895.20 (-5.25%),951.70 (+0.73%) | 978.80 (+3.60%)
APLAPOLLO.NS,1942.0,1851.00 (-4.69%) | 1782.10 (-8.23%),
KEI.NS,4385.0,4126.55 (-5.89%) | 3910.40 (-10.82%),4452.00 (+1.53%) | 4587.30 (+4.61%)
MEDANTA.NS,1164.0,1119.00 (-3.87%) | 1001.00 (-14.00%),1175.00 (+0.95%) | 1239.90 (+6.52%)
KARURVYSYA.NS,268.0,256.98 (-4.11%) | 242.80 (-9.40%),280.45 (+4.65%)
SBFC.NS,101.67,95.19 (-6.37%) | 91.00 (-10.49%),102.00 (+0.32%) | 105.48 (+3.75%)
SWANCORP.NS,421.1,398.85 (-5.28%),422.00 (+0.21%) | 442.80 (+5.15%)
BSOFT.NS,419.0,407.55 (-2.73%) | 384.55 (-8.22%),428.90 (+2.36%) | 443.85 (+5.93%)
HEXT.NS,712.85,681.45 (-4.40%) | 651.05 (-8.67%),733.50 (+2.90%) | 795.05 (+11.53%)
PNB.NS,128.7,127.80 (-0.70%) | 124.48 (-3.28%),
LICI.NS,825.0,807.95 (-2.07%) | 785.70 (-4.76%),827.40 (+0.29%) | 865.00 (+4.85%)
HONAUT.NS,33455.0,33294.15 (-0.48%) | 31263.20 (-6.55%),34700.00 (+3.72%) | 35595.00 (+6.40%)
BLS.NS,303.9,291.80 (-3.98%),308.25 (+1.43%) | 329.20 (+8.33%)
IOB.NS,36.15,34.67 (-4.09%),37.11 (+2.66%) | 38.50 (+6.50%)
BAJAJFINSV.NS,2002.6,1977.60 (-1.25%) | 1913.80 (-4.43%),2022.00 (+0.97%) | 2071.00 (+3.42%)
BASF.NS,3600.0,,3785.80 (+5.16%) | 3956.80 (+9.91%)
^CNXIT,37822.7,37016.10 (-2.13%) | 36352.40 (-3.89%),38073.05 (+0.66%) | 38652.30 (+2.19%)
KIMS.NS,626.4,602.20 (-3.86%) | 562.30 (-10.23%),662.40 (+5.75%) | 700.00 (+11.75%)
GVT&D.NS,2792.0,2707.80 (-3.02%) | 2569.80 (-7.96%),2802.70 (+0.38%) | 2915.00 (+4.41%)
BAJAJ-AUTO.NS,9570.0,9360.00 (-2.19%) | 9178.00 (-4.10%),9888.00 (+3.32%)
NLCINDIA.NS,259.0,250.70 (-3.20%) | 236.25 (-8.78%),269.06 (+3.88%) | 292.20 (+12.82%)
CHOICEIN.NS,831.0,814.55 (-1.98%) | 789.00 (-5.05%),836.80 (+0.70%)
SIGNATURE.NS,926.0,,988.00 (+6.70%) | 1052.00 (+13.61%)
TATAINVEST.NS,664.3,664.29 (-0.00%) | 638.40 (-3.90%),697.00 (+4.92%) | 724.00 (+8.99%)
BOSCHLTD.NS,37455.0,37425.00 (-0.08%) | 36340.00 (-2.98%),39055.00 (+4.27%) | 40280.00 (+7.54%)
UPL.NS,780.9,776.00 (-0.63%) | 723.80 (-7.31%),812.20 (+4.01%)
ASIANPAINT.NS,2817.0,2746.00 (-2.52%) | 2602.00 (-7.63%),2848.00 (+1.10%)
BAJAJHFL.NS,93.4,,93.90 (+0.54%) | 97.10 (+3.96%)
HAL.NS,4463.0,4360.20 (-2.30%) | 4242.00 (-4.95%),4495.00 (+0.72%) | 4660.00 (+4.41%)
SAPPHIRE.NS,223.0,221.40 (-0.72%),241.80 (+8.43%) | 265.05 (+18.86%)
UNIONBANK.NS,179.0,158.07 (-11.69%) | 149.60 (-16.42%),
ACC.NS,1726.9,1715.00 (-0.69%),1778.45 (+2.99%) | 1820.60 (+5.43%)
ACE.NS,874.2,,917.45 (+4.95%) | 977.20 (+11.78%)
UTIAMC.NS,1075.7,1046.90 (-2.68%) | 994.00 (-7.60%),1105.00 (+2.72%) | 1157.00 (+7.56%)
IPCALAB.NS,1516.0,1479.30 (-2.42%) | 1429.80 (-5.69%),1532.45 (+1.09%) | 1595.00 (+5.21%)
CUMMINSIND.NS,4029.0,3900.10 (-3.20%) | 3729.50 (-7.43%),4095.00 (+1.64%) | 4402.90 (+9.28%)
WHIRLPOOL.NS,802.0,,899.00 (+12.09%) | 966.00 (+20.45%)
MUTHOOTFIN.NS,3938.0,3767.80 (-4.32%) | 3688.30 (-6.34%),3995.00 (+1.45%)
RAILTEL.NS,352.5,352.20 (-0.09%) | 336.00 (-4.68%),374.05 (+6.11%) | 402.40 (+14.16%)
MARUTI.NS,16148.0,15999.00 (-0.92%) | 15708.00 (-2.72%),16261.00 (+0.70%) | 16536.00 (+2.40%)
JINDALSAW.NS,160.25,,162.20 (+1.22%) | 174.00 (+8.58%)
HCLTECH.NS,1669.9,1594.70 (-4.50%) | 1537.10 (-7.95%),1691.00 (+1.26%) | 1750.05 (+4.80%)
BLUEJET.NS,491.0,,512.40 (+4.36%) | 552.40 (+12.51%)
ABBOTINDIA.NS,27860.0,26342.95 (-5.45%) | 25325.00 (-9.10%),27959.85 (+0.36%) | 29115.00 (+4.50%)
SUZLON.NS,48.99,47.81 (-2.41%),50.60 (+3.29%) | 52.55 (+7.27%)
BANDHANBNK.NS,145.2,138.27 (-4.77%) | 128.16 (-11.74%),145.40 (+0.14%) | 152.24 (+4.85%)
AEGISVOPAK.NS,225.5,,227.63 (+0.94%) | 251.80 (+11.66%)
IDFCFIRSTB.NS,83.05,82.70 (-0.42%) | 78.45 (-5.54%),85.95 (+3.49%)
MCX.NS,2415.0,2338.00 (-3.19%) | 2176.00 (-9.90%),
RRKABEL.NS,1500.0,1450.00 (-3.33%) | 1400.80 (-6.61%),1522.00 (+1.47%)
BHARATFORG.NS,1447.5,1399.30 (-3.33%) | 1362.10 (-5.90%),1460.20 (+0.88%) | 1506.50 (+4.08%)
METROPOLIS.NS,1876.7,1872.70 (-0.21%) | 1744.00 (-7.07%),1990.00 (+6.04%) | 2110.90 (+12.48%)
INFY.NS,1608.9,1575.40 (-2.08%) | 1540.00 (-4.28%),1637.75 (+1.79%) | 1693.20 (+5.24%)
BERGEPAINT.NS,525.0,511.75 (-2.52%) | 497.00 (-5.33%),528.20 (+0.61%) | 551.00 (+4.95%)
SUNPHARMA.NS,1706.3,1693.10 (-0.77%) | 1623.60 (-4.85%),1731.30 (+1.47%) | 1789.00 (+4.85%)
SAIL.NS,152.05,145.90 (-4.04%) | 139.98 (-7.94%),
